"Status","Start Time","Stop Time","Duration in ms","Parent Suite","Suite","Sub Suite","Test Class","Test Method","Name","Description"
"passed","Wed May 21 15:09:47 UTC 2025","Wed May 21 15:09:51 UTC 2025","3397","tests","test_booker_webApp","TestRestfulBookerWebApp","","","Add Room with dynamic data",""
"passed","Wed May 21 15:10:00 UTC 2025","Wed May 21 15:10:04 UTC 2025","3889","tests","test_booker_webApp","TestRestfulBookerWebApp","","","Add Room with dynamic data",""
"passed","Wed May 21 15:10:05 UTC 2025","Wed May 21 15:10:09 UTC 2025","3850","tests","test_booker_webApp","TestRestfulBookerWebApp","","","Update first room",""
"passed","Wed May 21 15:09:24 UTC 2025","Wed May 21 15:09:26 UTC 2025","2573","tests","test_booker_webApp","TestRestfulBookerWebApp","","","Add Room with dynamic data",""
"passed","Wed May 21 15:09:56 UTC 2025","Wed May 21 15:09:59 UTC 2025","2671","tests","test_booker_webApp","TestRestfulBookerWebApp","","","Add Room with dynamic data",""
"passed","Wed May 21 15:09:43 UTC 2025","Wed May 21 15:09:46 UTC 2025","3286","tests","test_booker_webApp","TestRestfulBookerWebApp","","","Add Room with dynamic data",""
"passed","Wed May 21 15:09:35 UTC 2025","Wed May 21 15:09:38 UTC 2025","2994","tests","test_booker_webApp","TestRestfulBookerWebApp","","","Add Room with dynamic data",""
"passed","Wed May 21 15:09:31 UTC 2025","Wed May 21 15:09:34 UTC 2025","2431","tests","test_booker_webApp","TestRestfulBookerWebApp","","","Add Room with dynamic data",""
"passed","Wed May 21 15:09:39 UTC 2025","Wed May 21 15:09:42 UTC 2025","2816","tests","test_booker_webApp","TestRestfulBookerWebApp","","","Add Room with dynamic data",""
"passed","Wed May 21 15:10:10 UTC 2025","Wed May 21 15:10:13 UTC 2025","2907","tests","test_booker_webApp","TestRestfulBookerWebApp","","","Delete first room",""
"passed","Wed May 21 15:09:27 UTC 2025","Wed May 21 15:09:30 UTC 2025","2968","tests","test_booker_webApp","TestRestfulBookerWebApp","","","Add Room with dynamic data",""
"passed","Wed May 21 15:09:52 UTC 2025","Wed May 21 15:09:55 UTC 2025","3323","tests","test_booker_webApp","TestRestfulBookerWebApp","","","Add Room with dynamic data",""
